Date,Portfolio,Portfolio Returns,Index Returns,Over Index
2020-01-01,"['MCHP', 'ROST', 'TXN', 'ATVI', 'BIDU', 'PEP', 'EBAY', 'MU', 'LRCX', 'SNPS', 'PAYX', 'EXC', 'CERN', 'CTSH', 'HON', 'CMCSA']",39.02,33.41,1
2020-01-03,"['TXN', 'ROST', 'PCAR', 'MU', 'BIDU', 'LRCX', 'ATVI', 'AMAT', 'CTSH', 'CERN', 'PAYX', 'PEP', 'CMCSA', 'SNPS', 'EXC', 'HON']",38.36,34.68,1
2020-01-04,"['EBAY', 'AMGN', 'MELI', 'TXN', 'CERN', 'PCAR', 'SNPS', 'CMCSA', 'AMAT', 'PEP', 'EXC', 'BIDU', 'INTC', 'AVGO', 'HON', 'PAYX']",33.57,37.03,0
2020-01-05,"['BIDU', 'ATVI', 'LRCX', 'NFLX', 'AMAT', 'LULU', 'CERN', 'PEP', 'CTSH', 'EXC', 'ROST', 'CMCSA', 'PCAR', 'AVGO', 'HON', 'PAYX']",31.89,32.75,0
2020-01-08,"['MAR', 'FB', 'MELI', 'VRTX', 'AMAT', 'LRCX', 'ROST', 'CTAS', 'CTSH', 'PEP', 'CERN', 'CMCSA', 'PCAR', 'HON', 'EXC', 'PAYX']",39.25,32.19,1
2020-01-09,"['ALGN', 'VRTX', 'SNPS', 'CERN', 'BIDU', 'MCHP', 'CTAS', 'PEP', 'ROST', 'CMCSA', 'CTSH', 'PAYX', 'AMAT', 'EXC', 'PCAR', 'HON']",30.61,32.04,0
2020-01-10,"['INTU', 'CTAS', 'ALGN', 'MAR', 'AMAT', 'FB', 'BIDU', 'PEP', 'LRCX', 'CHTR', 'ROST', 'EXC', 'CMCSA', 'PAYX', 'HON', 'PCAR']",40.24,32.07,1
2020-01-11,"['CTAS', 'NFLX', 'LRCX', 'ALGN', 'CHTR', 'BIDU', 'FB', 'SIRI', 'AMAT', 'PEP', 'EXC', 'PAYX', 'CMCSA', 'ROST', 'PCAR', 'HON']",37.63,31.53,1
2020-01-12,"['CTAS', 'LULU', 'SWKS', 'FB', 'BIDU', 'AMAT', 'ROST', 'PEP', 'EXC', 'LRCX', 'ATVI', 'PAYX', 'CHTR', 'CMCSA', 'PCAR', 'HON']",43.1,31.9,1
2020-01-15,"['COST', 'MCHP', 'FB', 'MAR', 'LRCX', 'BIDU', 'CTSH', 'PEP', 'AMAT', 'CMCSA', 'ATVI', 'ROST', 'EXC', 'PAYX', 'PCAR', 'HON']",34.5,33.54,1
2020-01-16,"['MAR', 'PAYX', 'ALGN', 'FB', 'AMAT', 'ATVI', 'LRCX', 'BIDU', 'EXC', 'ROST', 'CHTR', 'CMCSA', 'EBAY', 'PEP', 'PCAR', 'HON']",35.84,31.63,1
2020-01-17,"['ATVI', 'AZN', 'COST', 'CERN', 'SNPS', 'FB', 'AMAT', 'BIDU', 'ROST', 'EXC', 'PEP', 'EBAY', 'CHTR', 'CMCSA', 'PCAR', 'HON']",33.87,32.6,1
2020-01-18,"['FB', 'CERN', 'COST', 'VRTX', 'BIDU', 'AMAT', 'LRCX', 'EBAY', 'ATVI', 'EXC', 'CHTR', 'ROST', 'PEP', 'HON', 'CMCSA', 'PCAR']",38.53,32.31,1
2020-01-19,"['MAR', 'TXN', 'AZN', 'FB', 'ROST', 'BIDU', 'VRTX', 'AMAT', 'EXC', 'ATVI', 'HON', 'PCAR', 'EBAY', 'CHTR', 'CMCSA', 'PEP']",32.9,31.32,1
2020-01-23,"['AMAT', 'EXC', 'BIDU', 'LRCX', 'VRTX', 'ROST', 'NFLX', 'EBAY', 'FB', 'CMCSA', 'ALGN', 'SIRI', 'CHTR', 'PEP', 'HON', 'PCAR']",31.59,33.54,0
2020-01-24,"['FB', 'LRCX', 'EBAY', 'BIDU', 'ALGN', 'AMAT', 'AZN', 'ATVI', 'MCHP', 'SIRI', 'ROST', 'CMCSA', 'HON', 'CHTR', 'PEP', 'PCAR']",33.93,33.73,1
2020-01-25,"['ALGN', 'BIDU', 'FB', 'AMAT', 'SWKS', 'AZN', 'SIRI', 'NFLX', 'ROST', 'EBAY', 'ATVI', 'CHTR', 'PEP', 'CMCSA', 'HON', 'PCAR']",30.16,32.25,0
2020-01-26,"['SWKS', 'CTAS', 'MELI', 'ALGN', 'SIRI', 'EBAY', 'FB', 'AMAT', 'PAYX', 'AZN', 'ROST', 'HON', 'PEP', 'CHTR', 'CMCSA', 'PCAR']",40.12,31.05,1
2020-01-29,"['INTC', 'MRVL', 'PAYX', 'MU', 'FB', 'AMAT', 'EBAY', 'AZN', 'ROST', 'ATVI', 'CHTR', 'HON', 'CMCSA', 'EXC', 'PEP', 'PCAR']",32.52,31.76,1
2020-01-30,"['MRVL', 'MCHP', 'NFLX', 'AZN', 'COST', 'HON', 'AMAT', 'EBAY', 'ATVI', 'ROST', 'PEP', 'EXC', 'CMCSA', 'PCAR', 'CHTR', 'KDP']",24.23,32.86,0
2020-01-31,"['JD', 'MCHP', 'MU', 'PAYX', 'CTAS', 'BIDU', 'SIRI', 'EBAY', 'AMAT', 'ROST', 'PEP', 'PCAR', 'KDP', 'CHTR', 'ATVI', 'CMCSA']",25.82,30.68,0
2020-02-01,"['CHKP', 'MU', 'EXC', 'AMAT', 'CTAS', 'JD', 'EBAY', 'BIDU', 'PAYX', 'SIRI', 'PEP', 'ROST', 'PCAR', 'KDP', 'CMCSA', 'ATVI']",18.54,27.59,0
2020-02-02,"['BIDU', 'MAR', 'JD', 'AMAT', 'EXC', 'CTAS', 'MU', 'SIRI', 'PAYX', 'CMCSA', 'EBAY', 'ROST', 'PCAR', 'PEP', 'KDP', 'ATVI']",18.73,28.01,0
2020-02-05,"['EBAY', 'JD', 'ADI', 'NTES', 'ALGN', 'AZN', 'BIDU', 'AMAT', 'ROST', 'SIRI', 'PCAR', 'CTAS', 'CMCSA', 'MAR', 'KDP', 'ATVI']",24.18,30.57,0
2020-02-06,"['ADI', 'AZN', 'DLTR', 'ALGN', 'AMGN', 'SIRI', 'AMAT', 'BIDU', 'ROST', 'JD', 'MAR', 'PCAR', 'ATVI', 'CMCSA', 'CTAS', 'KDP']",24.22,30.02,0
2020-02-07,"['MCHP', 'SWKS', 'JD', 'ALGN', 'SIRI', 'BIDU', 'MU', 'AMAT', 'AZN', 'ROST', 'CTAS', 'PCAR', 'MAR', 'KDP', 'CMCSA', 'ATVI']",29.76,31.18,0
2020-02-08,"['NXPI', 'ADI', 'MRVL', 'SWKS', 'ALGN', 'EBAY', 'MAR', 'AMAT', 'CTAS', 'ROST', 'CMCSA', 'SIRI', 'AMGN', 'KDP', 'BIDU', 'ATVI']",23.84,32.09,0
2020-02-09,"['NXPI', 'PCAR', 'ADI', 'AMGN', 'MRVL', 'MAR', 'SWKS', 'MU', 'AMAT', 'ROST', 'KDP', 'CMCSA', 'BIDU', 'SIRI', 'CTAS', 'ATVI']",24.88,31.9,0
2020-02-12,"['ADI', 'MRVL', 'AMAT', 'SWKS', 'MU', 'ALGN', 'EBAY', 'MAR', 'ROST', 'BIDU', 'SIRI', 'CMCSA', 'CTAS', 'KDP', 'PCAR', 'ATVI']",22.14,33.22,0
2020-02-13,"['BKNG', 'ROST', 'JD', 'MRVL', 'ALGN', 'EXC', 'INTU', 'MAR', 'AMAT', 'SIRI', 'BIDU', 'CTAS', 'CMCSA', 'ATVI', 'KDP', 'PCAR']",24.65,32.71,0
2020-02-14,"['ALGN', 'SWKS', 'NTES', 'JD', 'ADI', 'INTU', 'MU', 'EXC', 'MAR', 'ATVI', 'SIRI', 'PCAR', 'BIDU', 'CMCSA', 'CTAS', 'KDP']",25.59,32.51,0
2020-02-15,"['MU', 'NTES', 'MAR', 'INTU', 'BKNG', 'EXC', 'SIRI', 'AMGN', 'EBAY', 'BIDU', 'AMAT', 'CMCSA', 'ATVI', 'ROST', 'PCAR', 'CTAS']",24.63,32.68,0
2020-02-16,"['KDP', 'ALGN', 'EXC', 'CTAS', 'ROST', 'BKNG', 'AMAT', 'AMGN', 'MRVL', 'INTU', 'NTES', 'CMCSA', 'SIRI', 'BIDU', 'ATVI', 'PCAR']",23.28,32.26,0
2020-02-20,"['AMAT', 'NTES', 'ADI', 'JD', 'EXC', 'SWKS', 'AMGN', 'CTAS', 'BKNG', 'KDP', 'ATVI', 'ROST', 'SIRI', 'CMCSA', 'PCAR', 'BIDU']",29.23,33.06,0
2020-02-21,"['VRTX', 'MU', 'ADI', 'CMCSA', 'NTES', 'AMAT', 'SWKS', 'JD', 'CTAS', 'KLAC', 'BKNG', 'ROST', 'BIDU', 'KDP', 'SIRI', 'ATVI']",32.84,32.14,1
2020-02-22,"['ALGN', 'CHKP', 'CTAS', 'EXC', 'ADI', 'MU', 'SWKS', 'BKNG', 'MRVL', 'KLAC', 'AMAT', 'JD', 'ATVI', 'SIRI', 'BIDU', 'ROST']",24.55,30.59,0
2020-02-23,"['CHKP', 'MNST', 'MU', 'ADI', 'CTAS', 'SWKS', 'MRVL', 'BKNG', 'PCAR', 'AMAT', 'ROST', 'KDP', 'JD', 'SIRI', 'ATVI', 'BIDU']",24.33,29.85,0
2020-02-26,"['BKNG', 'MU', 'ADI', 'INTU', 'PCAR', 'SWKS', 'MRVL', 'NTES', 'CTAS', 'AMAT', 'KDP', 'JD', 'ROST', 'SIRI', 'ATVI', 'BIDU']",21.53,22.91,0
2020-02-27,"['CMCSA', 'NTES', 'ADI', 'ALGN', 'INTU', 'MU', 'BKNG', 'SWKS', 'PCAR', 'KDP', 'CTAS', 'AMAT', 'SIRI', 'JD', 'ATVI', 'BIDU']",19.62,23.32,0
2020-02-28,"['INTU', 'ALGN', 'BKNG', 'CTSH', 'MRVL', 'MNST', 'SWKS', 'ROST', 'AMAT', 'KDP', 'CMCSA', 'ATVI', 'SIRI', 'JD', 'PCAR', 'BIDU']",7.96,18.38,0
2020-03-01,"['CHKP', 'INTU', 'ADI', 'ROST', 'BKNG', 'SWKS', 'KDP', 'AMAT', 'ALGN', 'JD', 'CTAS', 'CMCSA', 'SIRI', 'BIDU', 'ATVI', 'PCAR']",9.83,18.69,0
2020-03-02,"['CHKP', 'ADI', 'MU', 'SWKS', 'BKNG', 'AMAT', 'KDP', 'CTAS', 'ROST', 'CMCSA', 'SIRI', 'WBA', 'JD', 'PCAR', 'BIDU', 'ATVI']",10.12,17.99,0
2020-03-05,"['ASML', 'ADP', 'INTC', 'AMZN', 'WBA', 'AMGN', 'PCAR', 'BIDU', 'KDP', 'MNST', 'CTAS', 'ROST', 'CMCSA', 'AEP', 'LRCX', 'ATVI']",19.18,24.1,0
2020-03-06,"['KLAC', 'ADP', 'PCAR', 'INTC', 'BIDU', 'AMZN', 'TXN', 'ROST', 'KDP', 'AEP', 'SIRI', 'MNST', 'LRCX', 'CMCSA', 'WBA', 'ATVI']",13.47,20.99,0
2020-03-07,"['KLAC', 'ASML', 'SIRI', 'BIDU', 'AMGN', 'KDP', 'AEP', 'LRCX', 'AMZN', 'CMCSA', 'PCAR', 'TXN', 'WBA', 'INTC', 'ATVI', 'MNST']",15.97,19.87,0
2020-03-08,"['BIDU', 'KLAC', 'CTAS', 'SIRI', 'EBAY', 'LRCX', 'AEP', 'ATVI', 'AMZN', 'KDP', 'WBA', 'ROST', 'CMCSA', 'TXN', 'INTC', 'MNST']",12.69,21.1,0
2020-03-09,"['AMAT', 'WBA', 'ADP', 'BIDU', 'ROST', 'CTAS', 'AMZN', 'EBAY', 'AEP', 'KDP', 'INTC', 'LRCX', 'CMCSA', 'TXN', 'ATVI', 'MNST']",13.4,21.25,0
2020-03-12,"['SIRI', 'PCAR', 'KLAC', 'BIDU', 'CTAS', 'TXN', 'EBAY', 'WBA', 'INTC', 'AEP', 'KDP', 'ROST', 'LRCX', 'CMCSA', 'ATVI', 'MNST']",4.23,13.31,0
2020-03-13,"['BIDU', 'KLAC', 'SWKS', 'ROST', 'SIRI', 'CTAS', 'AMGN', 'EBAY', 'KDP', 'AEP', 'INTC', 'LRCX', 'WBA', 'CMCSA', 'ATVI', 'MNST']",-4.04,3.59,0
2020-03-14,"['SWKS', 'ADP', 'BIDU', 'AMGN', 'WBA', 'SIRI', 'AMAT', 'KDP', 'CTAS', 'ATVI', 'AEP', 'LRCX', 'CMCSA', 'INTC', 'ROST', 'MNST']",2.39,11.31,0
2020-03-15,"['KLAC', 'SWKS', 'KDP', 'BIDU', 'SIRI', 'AMAT', 'CTAS', 'MELI', 'WBA', 'AEP', 'CMCSA', 'INTC', 'ATVI', 'LRCX', 'ROST', 'MNST']",4.62,11.48,0
2020-03-16,"['MELI', 'PCAR', 'ADP', 'BIDU', 'WBA', 'SIRI', 'FISV', 'CTAS', 'INTC', 'CMCSA', 'AMAT', 'AEP', 'ATVI', 'ROST', 'LRCX', 'MNST']",4.98,10.55,0
2020-03-19,"['KLAC', 'EBAY', 'WBA', 'BIDU', 'FB', 'SIRI', 'MELI', 'CTAS', 'AMAT', 'INTC', 'CMCSA', 'AEP', 'ATVI', 'ROST', 'LRCX', 'MNST']",-9.14,3.06,0
2020-03-20,"['EBAY', 'SIRI', 'MELI', 'BIDU', 'FB', 'AMGN', 'WBA', 'CTAS', 'CMCSA', 'INTC', 'AMAT', 'AEP', 'ATVI', 'LRCX', 'ROST', 'MNST']",-11.25,3.32,0
2020-03-21,"['KLAC', 'SWKS', 'WBA', 'BIDU', 'EBAY', 'KDP', 'ROST', 'SIRI', 'CTAS', 'TXN', 'CMCSA', 'AEP', 'INTC', 'LRCX', 'ATVI', 'MNST']",-14.58,-0.99,0
2020-03-22,"['WBA', 'ADP', 'SIRI', 'CTAS', 'TXN', 'BIDU', 'GILD', 'CMCSA', 'EBAY', 'AEP', 'INTC', 'LRCX', 'ATVI', 'MNST', 'ROST', 'AMAT']",-13.56,-2.55,0
2020-03-23,"['KDP', 'SWKS', 'PEP', 'WBA', 'CTAS', 'TXN', 'CMCSA', 'AEP', 'LRCX', 'SIRI', 'ROST', 'INTC', 'AMAT', 'MNST', 'AMGN', 'COST']",-10.76,-0.36,0
2020-03-26,"['TSLA', 'SWKS', 'EBAY', 'PEP', 'SIRI', 'COST', 'AEP', 'LRCX', 'WBA', 'AMAT', 'TXN', 'ROST', 'KDP', 'CMCSA', 'PCAR', 'MNST']",1.07,6.7,0
2020-03-27,"['AMGN', 'PEP', 'MU', 'SWKS', 'CMCSA', 'WBA', 'PCAR', 'LRCX', 'SIRI', 'EBAY', 'AEP', 'KDP', 'TXN', 'AMAT', 'ROST', 'MNST']",1.49,11.5,0
2020-03-28,"['CTAS', 'PEP', 'WBA', 'SWKS', 'AMGN', 'EBAY', 'PCAR', 'AMAT', 'KDP', 'AEP', 'SIRI', 'CMCSA', 'LRCX', 'ROST', 'MNST', 'TXN']",-4.31,8.7,0
2020-03-29,"['PEP', 'EBAY', 'WBA', 'SWKS', 'CTAS', 'PCAR', 'KDP', 'BIDU', 'AMAT', 'AEP', 'SIRI', 'CMCSA', 'AMGN', 'LRCX', 'MNST', 'TXN']",-7.17,8.47,0
2020-03-30,"['WBA', 'PEP', 'MU', 'ATVI', 'BIDU', 'CTAS', 'SWKS', 'KDP', 'SIRI', 'AMAT', 'EBAY', 'AEP', 'CMCSA', 'LRCX', 'MNST', 'TXN']",-4.6,7.71,0
2020-04-02,"['ADP', 'SWKS', 'WBA', 'EBAY', 'MU', 'TXN', 'SIRI', 'KDP', 'CTAS', 'AEP', 'AMAT', 'CMCSA', 'ATVI', 'BIDU', 'LRCX', 'MNST']",-11.41,4.92,0
2020-04-03,"['MU', 'TXN', 'ROST', 'EBAY', 'PCAR', 'ADI', 'KDP', 'AEP', 'CTAS', 'ATVI', 'AMAT', 'CMCSA', 'SIRI', 'BIDU', 'LRCX', 'MNST']",-9.77,6.57,0
2020-04-04,"['KLAC', 'BIDU', 'SWKS', 'PCAR', 'TXN', 'EBAY', 'CTAS', 'ADI', 'AEP', 'AMAT', 'WBA', 'ATVI', 'CMCSA', 'ROST', 'LRCX', 'MNST']",-11.12,4.58,0
2020-04-05,"['SIRI', 'ADP', 'BIDU', 'TXN', 'ROST', 'SWKS', 'EBAY', 'ADI', 'AMAT', 'CTAS', 'AEP', 'WBA', 'LRCX', 'CMCSA', 'ATVI', 'MNST']",-13.7,4.62,0
2020-04-06,"['KLAC', 'AMGN', 'MELI', 'ATVI', 'AMAT', 'TXN', 'CTAS', 'EBAY', 'ADI', 'KDP', 'WBA', 'SWKS', 'AEP', 'LRCX', 'CMCSA', 'MNST']",-6.91,4.1,0
2020-04-09,"['MELI', 'AMAT', 'SIRI', 'TXN', 'CTAS', 'NTES', 'INTC', 'ADI', 'EBAY', 'SWKS', 'AEP', 'WBA', 'CMCSA', 'LRCX', 'ATVI', 'MNST']",3.76,13.08,0
2020-04-10,"['MU', 'KDP', 'SIRI', 'INTC', 'ROST', 'NTES', 'TXN', 'ADI', 'EBAY', 'AMAT', 'SWKS', 'AEP', 'CMCSA', 'LRCX', 'MNST', 'ATVI']",4.49,13.57,0
2020-04-11,"['CTAS', 'INTC', 'TXN', 'ADI', 'EBAY', 'AMGN', 'SWKS', 'AMAT', 'AEP', 'NTES', 'ROST', 'CMCSA', 'SIRI', 'LRCX', 'ATVI', 'MNST']",3.99,13.04,0
2020-04-12,"['INTC', 'WBA', 'MELI', 'TXN', 'EBAY', 'NTES', 'ADI', 'ROST', 'AMAT', 'SWKS', 'AEP', 'CMCSA', 'CTAS', 'LRCX', 'ATVI', 'MNST']",3.42,13.27,0
2020-04-13,"['WBA', 'MU', 'MELI', 'AMAT', 'NTES', 'KDP', 'CMCSA', 'ADI', 'CTAS', 'AEP', 'AMGN', 'INTC', 'LRCX', 'TXN', 'MNST', 'ATVI']",6.01,12.84,0
2020-04-16,"['AAPL', 'KDP', 'SWKS', 'WBA', 'CMCSA', 'ADI', 'INTC', 'SIRI', 'MELI', 'CTAS', 'AEP', 'AMAT', 'LRCX', 'TXN', 'ATVI', 'MNST']",6.0,17.11,0
2020-04-17,"['AAPL', 'AMAT', 'AMGN', 'KDP', 'CMCSA', 'ADI', 'CTAS', 'WBA', 'AEP', 'ROST', 'EXC', 'LRCX', 'TXN', 'INTC', 'ATVI', 'MNST']",6.36,18.59,0
2020-04-18,"['BIDU', 'ALGN', 'AAPL', 'AMAT', 'AMGN', 'CTAS', 'ADI', 'LRCX', 'WBA', 'CMCSA', 'AEP', 'ROST', 'EXC', 'TXN', 'ATVI', 'MNST']",3.73,19.2,0
2020-04-19,"['MCHP', 'WBA', 'CTAS', 'SWKS', 'AMGN', 'AMAT', 'SIRI', 'LRCX', 'EBAY', 'ADI', 'ROST', 'AEP', 'CMCSA', 'ATVI', 'TXN', 'MNST']",5.09,19.07,0
2020-04-23,"['AMGN', 'ROST', 'KDP', 'EXC', 'AAPL', 'WBA', 'AMAT', 'LRCX', 'ADI', 'AZN', 'SWKS', 'AEP', 'CMCSA', 'ATVI', 'TXN', 'MNST']",6.6,16.88,0
2020-04-24,"['CTAS', 'FISV', 'AAPL', 'SWKS', 'ATVI', 'AMAT', 'BIDU', 'LRCX', 'ADI', 'AEP', 'CMCSA', 'WBA', 'KDP', 'AMGN', 'TXN', 'MNST']",3.53,15.39,0
2020-04-25,"['BIDU', 'WBA', 'TSLA', 'AAPL', 'SIRI', 'ROST', 'SWKS', 'LRCX', 'ADI', 'MCHP', 'ATVI', 'AEP', 'CMCSA', 'KDP', 'TXN', 'MNST']",12.55,17.28,0
2020-04-26,"['EBAY', 'AAPL', 'ROST', 'FISV', 'SWKS', 'ATVI', 'INTC', 'AMAT', 'ADI', 'AEP', 'AMGN', 'WBA', 'LRCX', 'CMCSA', 'TXN', 'MNST']",8.84,16.88,0
2020-04-27,"['PEP', 'ROST', 'AAPL', 'SGEN', 'INTC', 'MU', 'AMAT', 'ADI', 'AEP', 'SWKS', 'ATVI', 'WBA', 'LRCX', 'CMCSA', 'TXN', 'MNST']",13.52,16.79,0
2020-04-30,"['TSLA', 'MU', 'BIDU', 'SGEN', 'AMAT', 'WBA', 'ADI', 'AEP', 'SWKS', 'INTC', 'ROST', 'LRCX', 'CMCSA', 'ATVI', 'TXN', 'MNST']",28.02,19.06,1
2020-05-01,"['AAPL', 'SIRI', 'BIDU', 'MELI', 'KLAC', 'AMAT', 'ADI', 'AEP', 'SWKS', 'INTC', 'MU', 'LRCX', 'CMCSA', 'ATVI', 'TXN', 'MNST']",9.32,19.8,0
2020-05-02,"['BIDU', 'EBAY', 'WBA', 'AMAT', 'KLAC', 'SWKS', 'KDP', 'AEP', 'ADI', 'LRCX', 'MU', 'INTC', 'CMCSA', 'ROST', 'TXN', 'MNST']",-3.77,17.3,0
2020-05-03,"['CTAS', 'AMAT', 'EBAY', 'CTSH', 'AEP', 'KLAC', 'ADI', 'MELI', 'LRCX', 'ROST', 'INTC', 'COST', 'CMCSA', 'WBA', 'TXN', 'MNST']",0.64,17.73,0
2020-05-04,"['BIDU', 'SIRI', 'AMAT', 'CTAS', 'ROST', 'AEP', 'WBA', 'KLAC', 'ADI', 'LRCX', 'SWKS', 'CMCSA', 'COST', 'CTSH', 'MNST', 'TXN']",-0.4,16.14,0
2020-05-07,"['NTES', 'BIDU', 'AMAT', 'SIRI', 'AEP', 'ADI', 'LRCX', 'KLAC', 'SWKS', 'CMCSA', 'ROST', 'COST', 'CTSH', 'MNST', 'TXN', 'CTAS']",5.35,19.67,0
2020-05-08,"['TSLA', 'PCAR', 'INTC', 'AMAT', 'SWKS', 'AEP', 'KLAC', 'ADI', 'LRCX', 'CMCSA', 'CTAS', 'CTSH', 'ROST', 'COST', 'MNST', 'TXN']",22.42,22.9,0
2020-05-09,"['KLAC', 'SWKS', 'AEP', 'WBA', 'ADI', 'LRCX', 'COST', 'AMAT', 'ROST', 'CMCSA', 'INTC', 'CTSH', 'CTAS', 'EXC', 'MNST', 'TXN']",8.19,24.52,0
2020-05-10,"['KLAC', 'EXC', 'BIDU', 'LRCX', 'SWKS', 'KDP', 'ADI', 'AEP', 'ROST', 'CTAS', 'AMAT', 'CMCSA', 'MNST', 'INTC', 'TXN', 'CTSH']",8.87,25.06,0
2020-05-11,"['AAPL', 'KLAC', 'ROST', 'LRCX', 'BIDU', 'AEP', 'SWKS', 'WBA', 'ADI', 'MNST', 'AMAT', 'CTAS', 'CMCSA', 'TXN', 'INTC', 'CTSH']",12.49,24.94,0
2020-05-14,"['AEP', 'COST', 'ADI', 'SIRI', 'AMAT', 'PCAR', 'WBA', 'LRCX', 'ROST', 'CTAS', 'SWKS', 'CTSH', 'INTC', 'CMCSA', 'TXN', 'MNST']",2.0,25.96,0
2020-05-15,"['CTAS', 'BIDU', 'PCAR', 'AEP', 'ADI', 'LRCX', 'COST', 'WBA', 'ROST', 'AMAT', 'SWKS', 'CTSH', 'INTC', 'CMCSA', 'TXN', 'MNST']",3.28,25.99,0
2020-05-16,"['EBAY', 'LRCX', 'CTAS', 'BIDU', 'AEP', 'ADI', 'PEP', 'SIRI', 'MNST', 'AMAT', 'CTSH', 'SWKS', 'ROST', 'INTC', 'CMCSA', 'TXN']",4.79,25.23,0
2020-05-17,"['CTAS', 'KDP', 'AEP', 'EXC', 'SGEN', 'ADI', 'EBAY', 'AMAT', 'CTSH', 'MNST', 'ROST', 'SWKS', 'PEP', 'INTC', 'CMCSA', 'TXN']",13.12,24.23,0
2020-05-18,"['TSLA', 'AMAT', 'KDP', 'NTES', 'BIDU', 'CTAS', 'AEP', 'LRCX', 'ADI', 'CTSH', 'SWKS', 'MNST', 'PEP', 'INTC', 'CMCSA', 'TXN']",26.13,25.25,1
2020-05-21,"['EXC', 'CTSH', 'ADI', 'MNST', 'SWKS', 'EBAY', 'ROST', 'BIDU', 'AMAT', 'PEP', 'CTAS', 'INTC', 'LRCX', 'CMCSA', 'SIRI', 'TXN']",11.8,30.55,0
2020-05-22,"['AAPL', 'AMAT', 'NTES', 'AEP', 'ROST', 'CTSH', 'BIDU', 'TSLA', 'ADI', 'MNST', 'SWKS', 'CTAS', 'LRCX', 'INTC', 'CMCSA', 'TXN']",39.88,28.41,1
2020-05-23,"['AEP', 'CTSH', 'BIDU', 'ADI', 'MNST', 'SWKS', 'CTAS', 'AZN', 'INTC', 'AMAT', 'ROST', 'CMCSA', 'WBA', 'LRCX', 'SIRI', 'TXN']",12.32,29.2,0
2020-05-24,"['WBA', 'CTSH', 'BIDU', 'MNST', 'AEP', 'ADI', 'SWKS', 'NTES', 'ROST', 'AMAT', 'CMCSA', 'INTC', 'CTAS', 'LRCX', 'SIRI', 'TXN']",14.14,30.73,0
2020-05-25,"['TSLA', 'ROST', 'AEP', 'WBA', 'BIDU', 'SIRI', 'ADI', 'SWKS', 'NTES', 'CTAS', 'CMCSA', 'INTC', 'AMAT', 'MNST', 'LRCX', 'TXN']",36.0,30.78,1
2020-05-29,"['ROST', 'SIRI', 'KDP', 'BIDU', 'AEP', 'ADI', 'NTES', 'WBA', 'SWKS', 'CTAS', 'MNST', 'INTC', 'AMAT', 'LRCX', 'CMCSA', 'TXN']",17.0,31.3,0
2020-05-30,"['SIRI', 'AEP', 'MNST', 'ADI', 'NTES', 'CMCSA', 'WBA', 'SWKS', 'COST', 'BKNG', 'BIDU', 'AMAT', 'CTAS', 'LRCX', 'INTC', 'TXN']",22.11,33.59,0
2020-05-31,"['PCAR', 'BIDU', 'SIRI', 'AEP', 'ADI', 'AMAT', 'NTES', 'CMCSA', 'WBA', 'SWKS', 'BKNG', 'INTC', 'CTAS', 'LRCX', 'MNST', 'TXN']",21.25,33.17,0
2020-06-01,"['BIDU', 'SIRI', 'KDP', 'ADI', 'NTES', 'AEP', 'AMAT', 'BKNG', 'SWKS', 'INTC', 'CMCSA', 'WBA', 'CTAS', 'LRCX', 'MNST', 'TXN']",17.11,34.77,0
2020-06-04,"['CTSH', 'GOOG', 'ROST', 'ADI', 'JD', 'BIDU', 'AEP', 'AMAT', 'SWKS', 'CMCSA', 'INTC', 'CTAS', 'SIRI', 'LRCX', 'MNST', 'TXN']",28.86,38.39,0
2020-06-05,"['ROST', 'MCHP', 'CTAS', 'BIDU', 'BKNG', 'ADI', 'SWKS', 'KDP', 'NTES', 'AEP', 'LRCX', 'GOOG', 'AMAT', 'MNST', 'TXN', 'INTC']",25.66,34.87,0
2020-06-06,"['AMGN', 'CMCSA', 'BIDU', 'AMAT', 'ADI', 'SWKS', 'AEP', 'SIRI', 'LRCX', 'KDP', 'MNST', 'AMD', 'WBA', 'TXN', 'MCHP', 'INTC']",26.86,36.11,0
2020-06-07,"['AMGN', 'CTAS', 'AMAT', 'MCHP', 'ADI', 'SWKS', 'AMD', 'GOOG', 'NTES', 'KDP', 'BIDU', 'WBA', 'MNST', 'SIRI', 'TXN', 'INTC']",28.09,35.32,0
2020-06-08,"['LRCX', 'EXC', 'WBA', 'AEP', 'SWKS', 'AMAT', 'ADI', 'BIDU', 'NTES', 'MCHP', 'AMD', 'CTAS', 'MNST', 'TXN', 'INTC', 'SIRI']",26.37,33.39,0
2020-06-11,"['AMGN', 'MCHP', 'LRCX', 'SWKS', 'AEP', 'NTES', 'AMAT', 'CTAS', 'ADI', 'INTC', 'KDP', 'SIRI', 'AMD', 'BIDU', 'TXN', 'MNST']",31.24,34.92,0
2020-06-12,"['CMCSA', 'WBA', 'SWKS', 'AEP', 'NTES', 'AMAT', 'AMD', 'ADI', 'INTC', 'CTAS', 'LRCX', 'MNST', 'KDP', 'BIDU', 'TXN', 'SIRI']",19.86,29.83,0
2020-06-13,"['CMCSA', 'LRCX', 'SWKS', 'AEP', 'NTES', 'WBA', 'AMAT', 'CTAS', 'AMD', 'ADI', 'SIRI', 'KDP', 'MNST', 'BIDU', 'INTC', 'TXN']",22.33,31.2,0
2020-06-14,"['MCHP', 'FISV', 'CTAS', 'CMCSA', 'LRCX', 'AMD', 'WBA', 'SWKS', 'AMAT', 'NTES', 'AEP', 'ADI', 'BIDU', 'SIRI', 'TXN', 'MNST']",23.54,30.61,0
2020-06-15,"['KDP', 'ASML', 'CTAS', 'MCHP', 'SWKS', 'AEP', 'AMAT', 'CTSH', 'NTES', 'ADI', 'SIRI', 'BIDU', 'LRCX', 'INTC', 'TXN', 'MNST']",21.88,31.04,0
2020-06-18,"['WBA', 'CMCSA', 'CTSH', 'SWKS', 'AEP', 'BIDU', 'AMAT', 'NTES', 'ADI', 'AMD', 'CTAS', 'SIRI', 'INTC', 'MNST', 'LRCX', 'TXN']",22.59,33.69,0
2020-06-19,"['FAST', 'BIDU', 'KDP', 'WBA', 'LRCX', 'CMCSA', 'AEP', 'AMAT', 'AMD', 'AMGN', 'ADI', 'NTES', 'CTAS', 'SWKS', 'MNST', 'TXN']",23.35,32.5,0
2020-06-20,"['SIRI', 'BIDU', 'INTC', 'LRCX', 'CMCSA', 'CTSH', 'MCHP', 'CTAS', 'AEP', 'ADI', 'AMGN', 'NTES', 'SWKS', 'AMD', 'MNST', 'TXN']",23.52,32.11,0
2020-06-21,"['AAPL', 'AMGN', 'BIDU', 'AMAT', 'AEP', 'MCHP', 'WBA', 'LRCX', 'ADI', 'NTES', 'MNST', 'CMCSA', 'SWKS', 'AMD', 'CTAS', 'TXN']",29.16,31.18,0
2020-06-22,"['WBA', 'MCHP', 'AAPL', 'BIDU', 'AMAT', 'KDP', 'AEP', 'LRCX', 'SIRI', 'ADI', 'NTES', 'AMD', 'SWKS', 'ORLY', 'CTAS', 'TXN']",30.23,31.33,0
2020-06-25,"['AMGN', 'AMAT', 'LRCX', 'KDP', 'INTC', 'MCHP', 'AMD', 'BIDU', 'SIRI', 'ADI', 'ORLY', 'SWKS', 'WBA', 'AEP', 'NTES', 'TXN']",24.4,31.36,0
2020-06-26,"['AAPL', 'MTCH', 'SIRI', 'BKNG', 'WBA', 'KDP', 'AMD', 'CTAS', 'ADI', 'BIDU', 'NTES', 'MCHP', 'SWKS', 'AEP', 'TXN', 'LRCX']",25.58,34.03,0
2020-06-27,"['MTCH', 'GOOG', 'BKNG', 'BIDU', 'AMD', 'LRCX', 'AMGN', 'ADI', 'WBA', 'CTAS', 'NTES', 'SWKS', 'AEP', 'INTC', 'TXN', 'MCHP']",23.26,31.2,0
2020-06-28,"['NTES', 'CTSH', 'MTCH', 'CMCSA', 'AMGN', 'GOOG', 'SWKS', 'SIRI', 'LRCX', 'ADI', 'CTAS', 'AEP', 'WBA', 'BIDU', 'TXN', 'MCHP']",14.93,30.82,0
2020-06-29,"['AMAT', 'WBA', 'CMCSA', 'MU', 'CTSH', 'MTCH', 'SWKS', 'BIDU', 'ADI', 'KDP', 'CTAS', 'LRCX', 'MCHP', 'AEP', 'TXN', 'INTC']",12.44,30.69,0
2020-07-02,"['CTSH', 'NTES', 'AMAT', 'CMCSA', 'AMGN', 'MU', 'MCHP', 'KDP', 'EXC', 'INTC', 'ADI', 'BIDU', 'LRCX', 'WBA', 'AEP', 'TXN']",12.15,33.56,0
2020-07-03,"['ORLY', 'AMGN', 'CTAS', 'AMD', 'MCHP', 'LRCX', 'ADI', 'BIDU', 'EXC', 'AMAT', 'WBA', 'SWKS', 'INTC', 'AEP', 'TXN', 'ROST']",18.64,33.84,0
2020-07-04,"['AMAT', 'NTES', 'MNST', 'KDP', 'LRCX', 'ROST', 'WBA', 'INTC', 'CMCSA', 'BIDU', 'ADI', 'CTAS', 'AEP', 'SWKS', 'MCHP', 'TXN']",17.33,33.09,0
2020-07-06,"['NTES', 'MNST', 'AMAT', 'LRCX', 'WBA', 'CTAS', 'CMCSA', 'BIDU', 'ADI', 'MCHP', 'ORLY', 'AEP', 'SWKS', 'INTC', 'TXN', 'ROST']",17.8,33.29,0
2020-07-09,"['NTES', 'MCHP', 'EXC', 'MNST', 'CMCSA', 'CTAS', 'AMAT', 'BIDU', 'ORLY', 'WBA', 'ADI', 'AEP', 'SWKS', 'ROST', 'INTC', 'TXN']",12.4,37.08,0
2020-07-10,"['NTES', 'CMCSA', 'AMAT', 'FAST', 'CTAS', 'BKNG', 'AEP', 'BIDU', 'ADI', 'ORLY', 'SWKS', 'AMD', 'ROST', 'TXN', 'MCHP', 'INTC']",22.18,37.42,0
2020-07-11,"['AAPL', 'CMCSA', 'FAST', 'WBA', 'AMAT', 'LRCX', 'BKNG', 'AEP', 'BIDU', 'INTC', 'ADI', 'SWKS', 'MCHP', 'AMD', 'TXN', 'CTAS']",24.9,37.11,0
2020-07-12,"['FAST', 'COST', 'NTES', 'AAPL', 'CMCSA', 'AMAT', 'LRCX', 'CTAS', 'BKNG', 'AEP', 'ADI', 'AMD', 'SWKS', 'BIDU', 'MCHP', 'TXN']",31.15,37.18,0
2020-07-13,"['NTES', 'AAPL', 'CMCSA', 'CTAS', 'AMAT', 'EA', 'MCHP', 'LRCX', 'ROST', 'AMGN', 'BKNG', 'AEP', 'ADI', 'SWKS', 'TXN', 'BIDU']",29.26,36.6,0
2020-07-16,"['AMD', 'MCHP', 'MTCH', 'NTES', 'AAPL', 'WBA', 'CMCSA', 'EA', 'AMAT', 'AEP', 'ROST', 'AMGN', 'LRCX', 'ADI', 'BIDU', 'TXN']",29.49,35.14,0
2020-07-17,"['CMCSA', 'AAPL', 'INTC', 'AMAT', 'FAST', 'AEP', 'EA', 'NTES', 'LRCX', 'WBA', 'ADI', 'MNST', 'CTAS', 'ROST', 'TXN', 'BIDU']",23.26,34.97,0
2020-07-18,"['AAPL', 'PEP', 'AMAT', 'AEP', 'CTAS', 'EXC', 'NTES', 'ROST', 'LRCX', 'ADI', 'MNST', 'WBA', 'EA', 'SWKS', 'TXN', 'BIDU']",24.68,35.58,0
2020-07-19,"['EXC', 'AMD', 'PEP', 'AAPL', 'AMAT', 'CMCSA', 'AEP', 'CTAS', 'FAST', 'NTES', 'EA', 'LRCX', 'ADI', 'WBA', 'TXN', 'BIDU']",26.28,35.46,0
2020-07-20,"['AAPL', 'MNST', 'BKNG', 'MCHP', 'AMAT', 'CMCSA', 'WBA', 'AEP', 'CTAS', 'ADI', 'LRCX', 'ROST', 'FAST', 'NTES', 'TXN', 'BIDU']",18.14,36.2,0
2020-07-23,"['ASML', 'MNST', 'AAPL', 'KLAC', 'LRCX', 'CMCSA', 'AMAT', 'AEP', 'AMD', 'SPLK', 'CTAS', 'ADI', 'NTES', 'TXN', 'BIDU', 'ROST']",31.94,37.55,0
2020-07-24,"['MNST', 'AMD', 'ADP', 'AAPL', 'SPLK', 'CMCSA', 'LRCX', 'PEP', 'WBA', 'CTAS', 'ADI', 'AEP', 'AMAT', 'ROST', 'TXN', 'BIDU']",17.08,34.28,0
2020-07-25,"['EA', 'AMD', 'MTCH', 'AMGN', 'ROST', 'ADP', 'AAPL', 'WBA', 'CMCSA', 'LRCX', 'CTAS', 'ADI', 'AEP', 'AMAT', 'TXN', 'BIDU']",20.31,32.63,0
2020-07-26,"['ADP', 'NXPI', 'AMGN', 'AAPL', 'CMCSA', 'SPLK', 'LRCX', 'WBA', 'ROST', 'CTAS', 'AMAT', 'ADI', 'AEP', 'FAST', 'TXN', 'BIDU']",15.8,33.58,0
2020-07-27,"['ROST', 'AMGN', 'EA', 'AMD', 'ADP', 'MTCH', 'AAPL', 'LRCX', 'CMCSA', 'CTAS', 'PEP', 'ADI', 'AEP', 'AMAT', 'TXN', 'BIDU']",22.83,32.55,0
2020-07-30,"['GOOG', 'MTCH', 'AAPL', 'SPLK', 'CMCSA', 'WBA', 'AMGN', 'LRCX', 'CTAS', 'PEP', 'BIDU', 'ADI', 'AEP', 'AMAT', 'ROST', 'TXN']",20.2,34.56,0
2020-07-31,"['SPLK', 'GOOG', 'FAST', 'AAPL', 'KLAC', 'CMCSA', 'LRCX', 'AMGN', 'CTAS', 'WBA', 'BIDU', 'ADI', 'AEP', 'ROST', 'AMAT', 'TXN']",25.51,35.51,0
2020-08-01,"['AAPL', 'KLAC', 'WBA', 'FAST', 'CMCSA', 'LRCX', 'EXC', 'SPLK', 'CTAS', 'AMAT', 'ADI', 'AEP', 'ORLY', 'BIDU', 'ROST', 'TXN']",25.86,38.68,0
2020-08-02,"['MNST', 'ROST', 'AAPL', 'AMD', 'CMCSA', 'BKNG', 'CTAS', 'ORLY', 'LRCX', 'ADI', 'AEP', 'FAST', 'MCHP', 'AMAT', 'BIDU', 'TXN']",39.29,39.18,1
2020-08-03,"['CTAS', 'CMCSA', 'ADBE', 'PCAR', 'LRCX', 'MNST', 'ADI', 'AEP', 'FAST', 'SWKS', 'AMAT', 'BIDU', 'MCHP', 'ROST', 'WBA', 'TXN']",26.91,40.65,0
2020-08-06,"['INTC', 'PCAR', 'BKNG', 'LRCX', 'ASML', 'ADI', 'MNST', 'SWKS', 'AMAT', 'AEP', 'MCHP', 'ADBE', 'FAST', 'TXN', 'BIDU', 'WBA']",31.67,46.15,0
2020-08-07,"['CTSH', 'ORLY', 'ASML', 'LRCX', 'BKNG', 'ADI', 'ADBE', 'SWKS', 'AMAT', 'AEP', 'ROST', 'TXN', 'BIDU', 'FAST', 'MNST', 'WBA']",27.19,46.08,0
2020-08-08,"['BKNG', 'AMD', 'LRCX', 'MCHP', 'CTAS', 'EA', 'ADI', 'SWKS', 'AMAT', 'AEP', 'PCAR', 'BIDU', 'TXN', 'FAST', 'MNST', 'WBA']",37.52,44.38,0
2020-08-09,"['INTC', 'LRCX', 'CTAS', 'PCAR', 'AMD', 'ORLY', 'ADBE', 'ADI', 'SWKS', 'AMAT', 'AEP', 'MCHP', 'FAST', 'WBA', 'BIDU', 'TXN']",38.92,42.21,0
2020-08-10,"['CTAS', 'WBA', 'LRCX', 'EA', 'AMD', 'ADI', 'ADBE', 'SWKS', 'PCAR', 'MCHP', 'AMAT', 'AEP', 'BIDU', 'TXN', 'MNST', 'INTC']",36.89,43.15,0
2020-08-13,"['AAPL', 'LRCX', 'COST', 'CTAS', 'EA', 'AMD', 'ADI', 'AMAT', 'SWKS', 'AEP', 'MNST', 'BIDU', 'WBA', 'TXN', 'PCAR', 'INTC']",47.84,44.49,1
2020-08-14,"['MCHP', 'FAST', 'INTC', 'LRCX', 'CTAS', 'EA', 'ADI', 'WBA', 'SWKS', 'AMAT', 'AEP', 'AMD', 'MNST', 'BIDU', 'PCAR', 'TXN']",42.89,42.52,1
2020-08-15,"['AMGN', 'MCHP', 'NXPI', 'CTAS', 'COST', 'ORLY', 'ADI', 'AMAT', 'SWKS', 'MNST', 'WBA', 'AMD', 'BIDU', 'TXN', 'PCAR', 'INTC']",32.56,45.4,0
2020-08-16,"['AAPL', 'LRCX', 'ASML', 'WBA', 'AMD', 'COST', 'ADBE', 'CTAS', 'ADI', 'BIDU', 'SWKS', 'AMAT', 'TXN', 'MNST', 'PCAR', 'INTC']",47.0,45.51,1
2020-08-17,"['AAPL', 'LRCX', 'FAST', 'AEP', 'WBA', 'NXPI', 'MCHP', 'CTAS', 'ADI', 'SWKS', 'AMAT', 'INTC', 'TXN', 'MNST', 'BIDU', 'PCAR']",32.98,43.91,0
2020-08-20,"['INTC', 'FAST', 'EA', 'LRCX', 'AEP', 'ROST', 'CTAS', 'MCHP', 'WBA', 'ADI', 'SWKS', 'AMAT', 'BIDU', 'TXN', 'MNST', 'PCAR']",26.01,43.77,0
2020-08-21,"['ADP', 'NVDA', 'WBA', 'ADBE', 'LRCX', 'AEP', 'CTAS', 'NXPI', 'ADI', 'INTC', 'AMAT', 'SWKS', 'TXN', 'BIDU', 'MNST', 'PCAR']",34.11,45.93,0
2020-08-22,"['NVDA', 'TSLA', 'COST', 'CTAS', 'LRCX', 'AEP', 'ATVI', 'AMD', 'ADI', 'SWKS', 'AMAT', 'PCAR', 'MNST', 'WBA', 'TXN', 'BIDU']",106.71,45.73,1
2020-08-23,"['MCHP', 'NXPI', 'MTCH', 'AMD', 'ROST', 'CTAS', 'LRCX', 'AEP', 'ADI', 'WBA', 'AMAT', 'MNST', 'BIDU', 'TXN', 'SWKS', 'PCAR']",35.15,46.06,0
2020-08-24,"['CTAS', 'ADBE', 'LRCX', 'AEP', 'ORLY', 'ADI', 'TSLA', 'ROST', 'AMAT', 'MNST', 'INTC', 'BIDU', 'WBA', 'TXN', 'PCAR', 'SWKS']",78.78,49.22,1
2020-08-27,"['AMD', 'NVDA', 'LRCX', 'CTAS', 'AEP', 'TSLA', 'ADI', 'INTC', 'MCHP', 'AMAT', 'MNST', 'BIDU', 'ROST', 'TXN', 'SWKS', 'PCAR']",104.26,51.26,1
2020-08-28,"['WBA', 'CTAS', 'AEP', 'AMD', 'ADI', 'TSLA', 'AMGN', 'INTC', 'AMAT', 'MNST', 'MCHP', 'ROST', 'BIDU', 'TXN', 'PCAR', 'SWKS']",83.85,51.15,1
2020-08-29,"['LRCX', 'AMD', 'PAYX', 'CMCSA', 'AEP', 'ADI', 'MCHP', 'AMGN', 'AMAT', 'PCAR', 'BIDU', 'TXN', 'INTC', 'SWKS', 'ROST', 'MNST']",31.96,51.31,0
2020-08-30,"['CTAS', 'ADBE', 'AEP', 'AMD', 'CTSH', 'LRCX', 'WBA', 'SWKS', 'CMCSA', 'ADI', 'AMAT', 'PCAR', 'TXN', 'MNST', 'BIDU', 'ROST']",36.16,49.78,0
2020-08-31,"['LRCX', 'SWKS', 'AEP', 'CMCSA', 'ADI', 'WBA', 'AMD', 'PEP', 'CTAS', 'AMAT', 'AAPL', 'ROST', 'PCAR', 'TXN', 'BIDU', 'MNST']",36.98,50.02,0
2020-09-04,"['SWKS', 'INTC', 'WBA', 'CMCSA', 'ADI', 'AMD', 'FAST', 'PEP', 'CTAS', 'AMAT', 'PCAR', 'AAPL', 'BIDU', 'TXN', 'MNST', 'ROST']",32.27,49.38,0
2020-09-05,"['AEP', 'AMGN', 'PEP', 'ADI', 'CMCSA', 'AMD', 'CTAS', 'AMAT', 'WBA', 'SWKS', 'AAPL', 'PCAR', 'TXN', 'BIDU', 'ROST', 'MNST']",29.94,46.6,0
2020-09-06,"['NTES', 'FAST', 'PCAR', 'AEP', 'LRCX', 'WBA', 'ADI', 'ROST', 'CMCSA', 'CTAS', 'AMAT', 'AMD', 'AAPL', 'TXN', 'BIDU', 'MNST']",33.66,44.77,0
2020-09-07,"['PCAR', 'AEP', 'ADBE', 'FAST', 'ROST', 'PEP', 'LRCX', 'ADI', 'CMCSA', 'CTAS', 'AMAT', 'AMD', 'AAPL', 'BIDU', 'TXN', 'MNST']",35.57,44.87,0
2020-09-10,"['PEP', 'ADBE', 'MCHP', 'WBA', 'ADI', 'ROST', 'LRCX', 'AEP', 'AMAT', 'CTAS', 'CMCSA', 'AMD', 'AAPL', 'TXN', 'BIDU', 'MNST']",26.5,43.21,0
2020-09-11,"['NTES', 'LRCX', 'EXC', 'CTAS', 'AMAT', 'ROST', 'AMD', 'ADI', 'MCHP', 'AEP', 'CMCSA', 'ADBE', 'AAPL', 'BIDU', 'TXN', 'MNST']",28.88,41.5,0
2020-09-12,"['MTCH', 'WBA', 'AMD', 'CTAS', 'LRCX', 'NTES', 'AMAT', 'ADI', 'ROST', 'ADBE', 'CMCSA', 'AEP', 'AAPL', 'TXN', 'BIDU', 'MNST']",29.06,39.87,0
2020-09-13,"['GOOG', 'LRCX', 'NTES', 'AMD', 'AMAT', 'ROST', 'PEP', 'CTAS', 'ADI', 'AEP', 'CMCSA', 'ADBE', 'AAPL', 'TXN', 'BIDU', 'MNST']",30.73,39.45,0
2020-09-14,"['CMCSA', 'COST', 'LRCX', 'NTES', 'AMAT', 'CTAS', 'MTCH', 'ADI', 'AMD', 'ADBE', 'AEP', 'ROST', 'AAPL', 'BIDU', 'TXN', 'MNST']",31.86,39.81,0
2020-09-17,"['MTCH', 'LRCX', 'AEP', 'ORLY', 'ADBE', 'AMAT', 'NTES', 'ADI', 'AMD', 'CTAS', 'ROST', 'AAPL', 'COST', 'TXN', 'BIDU', 'MNST']",36.31,41.82,0
2020-09-18,"['MCHP', 'GOOG', 'CMCSA', 'SPLK', 'AMD', 'LRCX', 'COST', 'AEP', 'NTES', 'AMAT', 'ADI', 'ROST', 'AAPL', 'TXN', 'BIDU', 'MNST']",30.76,39.78,0
2020-09-19,"['TSLA', 'SPLK', 'COST', 'LRCX', 'AMAT', 'AEP', 'NTES', 'ADI', 'CTAS', 'ADBE', 'ROST', 'CMCSA', 'AAPL', 'TXN', 'MNST', 'BIDU']",76.13,38.54,1
2020-09-20,"['ROST', 'AEP', 'NTES', 'CTAS', 'AMGN', 'ADI', 'LRCX', 'ADBE', 'SWKS', 'CMCSA', 'MNST', 'ORLY', 'AAPL', 'COST', 'BIDU', 'TXN']",28.46,38.38,0
2020-09-21,"['WBA', 'SWKS', 'SPLK', 'ROST', 'NTES', 'AMGN', 'ADBE', 'LRCX', 'ADI', 'COST', 'AEP', 'CMCSA', 'MNST', 'AAPL', 'BIDU', 'TXN']",27.96,39.43,0
2020-09-24,"['WBA', 'AMD', 'AMAT', 'SPLK', 'CTAS', 'ADBE', 'ADI', 'AEP', 'CMCSA', 'AAPL', 'MCHP', 'BIDU', 'MNST', 'TXN', 'COST', 'ROST']",25.57,38.64,0
2020-09-25,"['CTAS', 'MCHP', 'SWKS', 'AMGN', 'GILD', 'CMCSA', 'ADBE', 'ADI', 'WBA', 'AEP', 'AAPL', 'COST', 'TXN', 'BIDU', 'ROST', 'MNST']",18.0,40.43,0
2020-09-26,"['AMD', 'AMAT', 'GOOG', 'CTSH', 'COST', 'CTAS', 'ROST', 'ADBE', 'AMGN', 'ADI', 'AEP', 'AAPL', 'TXN', 'CMCSA', 'BIDU', 'MNST']",31.85,41.63,0
2020-09-27,"['AMD', 'MCHP', 'AMAT', 'NTES', 'AMGN', 'CTSH', 'CTAS', 'COST', 'ADI', 'AEP', 'AAPL', 'ROST', 'TXN', 'CMCSA', 'BIDU', 'MNST']",30.29,42.0,0
2020-09-28,"['MTCH', 'AMAT', 'ROST', 'COST', 'MCHP', 'AMGN', 'CTSH', 'CTAS', 'ADBE', 'ADI', 'AEP', 'AAPL', 'TXN', 'CMCSA', 'BIDU', 'MNST']",23.09,43.24,0
2020-10-01,"['SPLK', 'CTSH', 'LRCX', 'GOOG', 'AMAT', 'AEP', 'MELI', 'PEP', 'ADI', 'CTAS', 'ADBE', 'COST', 'AAPL', 'TXN', 'BIDU', 'MNST']",37.22,44.6,0
2020-10-02,"['AMAT', 'NTES', 'LRCX', 'CMCSA', 'AEP', 'SWKS', 'PEP', 'ADI', 'ADBE', 'CTAS', 'COST', 'FAST', 'AAPL', 'TXN', 'BIDU', 'MNST']",38.95,47.0,0
2020-10-03,"['CTSH', 'LRCX', 'NTES', 'MELI', 'CTAS', 'AMAT', 'SWKS', 'INTC', 'MCHP', 'COST', 'INTU', 'AAPL', 'ADBE', 'TXN', 'BIDU', 'MNST']",39.63,45.91,0
2020-10-04,"['MCHP', 'NTES', 'CMCSA', 'SWKS', 'ADBE', 'PEP', 'CTAS', 'MTCH', 'FAST', 'COST', 'AMAT', 'AAPL', 'TXN', 'INTU', 'MNST', 'BIDU']",36.45,44.81,0
2020-10-05,"['AMD', 'FAST', 'JD', 'MTCH', 'TSLA', 'PEP', 'SWKS', 'LRCX', 'CTAS', 'ORLY', 'COST', 'AAPL', 'INTC', 'TXN', 'BIDU', 'MNST']",100.58,43.34,1
2020-10-08,"['ADBE', 'MCHP', 'ADI', 'MTCH', 'MELI', 'NTES', 'LRCX', 'FAST', 'INTU', 'INTC', 'CTAS', 'PEP', 'AAPL', 'MNST', 'BIDU', 'TXN']",42.78,45.72,0
2020-10-09,"['CTSH', 'MELI', 'MCHP', 'ADBE', 'CTAS', 'ATVI', 'CMCSA', 'PEP', 'FAST', 'NTES', 'PCAR', 'WBA', 'AAPL', 'BIDU', 'MNST', 'TXN']",38.16,47.75,0
2020-10-10,"['AEP', 'MTCH', 'CMCSA', 'PCAR', 'CTSH', 'NTES', 'ORLY', 'AMAT', 'PEP', 'COST', 'CTAS', 'AAPL', 'WBA', 'BIDU', 'MNST', 'TXN']",24.85,48.3,0
2020-10-11,"['MTCH', 'MCHP', 'PCAR', 'ADBE', 'AMGN', 'MELI', 'COST', 'CTAS', 'NTES', 'INTU', 'PEP', 'AAPL', 'AMAT', 'BIDU', 'MNST', 'TXN']",40.87,47.53,0
2020-10-12,"['LRCX', 'GILD', 'ADI', 'JD', 'ISRG', 'AMGN', 'MTCH', 'COST', 'CTAS', 'PEP', 'AMD', 'AAPL', 'TXN', 'AMAT', 'BIDU', 'MNST']",46.04,46.24,0
2020-10-15,"['LRCX', 'GOOG', 'GILD', 'NTES', 'ADI', 'AMD', 'AMAT', 'ISRG', 'MTCH', 'COST', 'CTAS', 'PEP', 'AAPL', 'BIDU', 'TXN', 'MNST']",43.09,48.5,0
2020-10-16,"['AEP', 'LRCX', 'JD', 'GOOG', 'ADI', 'COST', 'NTES', 'MTCH', 'AMD', 'CTAS', 'WBA', 'AMAT', 'AAPL', 'BIDU', 'MNST', 'TXN']",47.08,46.56,1
2020-10-17,"['GOOG', 'COST', 'INTC', 'PEP', 'NTES', 'LRCX', 'MTCH', 'INTU', 'AMD', 'AMAT', 'CTAS', 'ADBE', 'AAPL', 'BIDU', 'MNST', 'TXN']",47.43,46.26,1
2020-10-18,"['TCOM', 'ISRG', 'GOOG', 'NTES', 'LRCX', 'MTCH', 'WBA', 'PEP', 'AMAT', 'ADBE', 'CTAS', 'BIDU', 'AAPL', 'INTU', 'TXN', 'MNST']",34.1,45.99,0
2020-10-19,"['NTES', 'GOOG', 'MELI', 'LRCX', 'AMAT', 'MTCH', 'AEP', 'WBA', 'CTAS', 'ADBE', 'BIDU', 'INTU', 'MCHP', 'AAPL', 'TXN', 'MNST']",42.7,46.95,0
2020-10-22,"['COST', 'ADI', 'JD', 'CTAS', 'PEP', 'LRCX', 'AMAT', 'ADBE', 'MCHP', 'WBA', 'MTCH', 'INTU', 'BIDU', 'AAPL', 'MNST', 'TXN']",42.29,44.57,0
2020-10-23,"['MELI', 'MCHP', 'INTC', 'AMAT', 'CTSH', 'CTAS', 'LRCX', 'INTU', 'PEP', 'WBA', 'MTCH', 'AAPL', 'ADBE', 'MNST', 'BIDU', 'TXN']",35.54,45.36,0
2020-10-24,"['JD', 'COST', 'AMGN', 'WBA', 'MCHP', 'AMAT', 'LRCX', 'PEP', 'CTAS', 'INTU', 'MTCH', 'ADBE', 'AAPL', 'MNST', 'TXN', 'BIDU']",38.21,45.37,0
2020-10-25,"['JD', 'COST', 'CMCSA', 'MCHP', 'GOOG', 'CTAS', 'LRCX', 'AMAT', 'PEP', 'MTCH', 'INTU', 'ADBE', 'AAPL', 'TXN', 'MNST', 'BIDU']",40.01,44.39,0
2020-10-26,"['NTES', 'GOOG', 'COST', 'ADBE', 'GILD', 'MCHP', 'CTAS', 'LRCX', 'PEP', 'AMAT', 'MTCH', 'INTU', 'AAPL', 'MNST', 'TXN', 'BIDU']",34.28,43.6,0
2020-10-29,"['INTC', 'MTCH', 'ADBE', 'JD', 'GILD', 'COST', 'LRCX', 'MELI', 'CTAS', 'AMAT', 'INTU', 'AAPL', 'MNST', 'PEP', 'TXN', 'BIDU']",39.3,37.99,1
2020-10-30,"['ADI', 'NTES', 'ADBE', 'TCOM', 'MTCH', 'JD', 'GILD', 'LRCX', 'PEP', 'CTAS', 'AMAT', 'INTU', 'AAPL', 'BIDU', 'TXN', 'MNST']",37.9,40.52,0
2020-10-31,"['MTCH', 'AEP', 'MELI', 'INTU', 'ADBE', 'TCOM', 'LRCX', 'CTAS', 'MCHP', 'AMAT', 'CMCSA', 'AAPL', 'BIDU', 'TXN', 'PEP', 'MNST']",29.57,37.49,0
2020-11-01,"['JD', 'TCOM', 'AEP', 'AMAT', 'GILD', 'MELI', 'CTAS', 'LRCX', 'CMCSA', 'INTU', 'BIDU', 'COST', 'AAPL', 'TXN', 'PEP', 'MNST']",30.85,37.45,0
2020-11-02,"['WBA', 'ADI', 'NTES', 'COST', 'JD', 'CMCSA', 'AEP', 'AMAT', 'PEP', 'LRCX', 'CTAS', 'INTU', 'BIDU', 'AAPL', 'TXN', 'MNST']",24.25,36.54,0
2020-11-05,"['JD', 'ADI', 'CTAS', 'AMAT', 'AEP', 'EBAY', 'MTCH', 'NTES', 'MELI', 'CMCSA', 'LRCX', 'BIDU', 'AAPL', 'INTU', 'TXN', 'MNST']",52.13,42.34,1
2020-11-06,"['NTES', 'MELI', 'ADI', 'CTAS', 'JD', 'AEP', 'AMAT', 'MTCH', 'LRCX', 'EBAY', 'CMCSA', 'AAPL', 'INTU', 'TXN', 'BIDU', 'MNST']",55.37,44.89,1
2020-11-07,"['CTAS', 'AMAT', 'JD', 'AEP', 'MCHP', 'MTCH', 'NTES', 'LRCX', 'EBAY', 'BIDU', 'CMCSA', 'AAPL', 'MELI', 'INTU', 'TXN', 'MNST']",57.24,45.19,1
2020-11-08,"['TSLA', 'ADI', 'CTAS', 'JD', 'AMAT', 'NTES', 'EBAY', 'LRCX', 'AEP', 'MCHP', 'BIDU', 'INTU', 'CMCSA', 'AAPL', 'TXN', 'MNST']",73.47,44.85,1
2020-11-09,"['BKNG', 'JD', 'ADI', 'MCHP', 'MELI', 'CTAS', 'LRCX', 'AEP', 'BIDU', 'EBAY', 'CMCSA', 'INTU', 'AMAT', 'AAPL', 'TXN', 'MNST']",49.34,44.46,1
2020-11-12,"['PEP', 'JD', 'ADI', 'AEP', 'NTES', 'CTAS', 'MCHP', 'EBAY', 'LRCX', 'INTU', 'AMAT', 'MELI', 'AAPL', 'BIDU', 'TXN', 'MNST']",49.23,42.99,1
2020-11-13,"['TSLA', 'JD', 'AEP', 'LRCX', 'NTES', 'TCOM', 'EBAY', 'AMAT', 'MELI', 'INTU', 'AAPL', 'TXN', 'CTAS', 'MCHP', 'BIDU', 'MNST']",76.69,42.23,1
2020-11-14,"['ADI', 'TSLA', 'MELI', 'JD', 'AEP', 'COST', 'CMCSA', 'MCHP', 'AMAT', 'LRCX', 'CTAS', 'AAPL', 'TXN', 'INTU', 'BIDU', 'MNST']",74.99,43.09,1
2020-11-15,"['MTCH', 'TSLA', 'ADI', 'CMCSA', 'JD', 'AEP', 'MCHP', 'AMAT', 'LRCX', 'MELI', 'INTU', 'CTAS', 'AAPL', 'TXN', 'BIDU', 'MNST']",79.96,43.17,1
2020-11-16,"['ADI', 'JD', 'MCHP', 'AEP', 'MTCH', 'AMD', 'LRCX', 'AMAT', 'BIDU', 'CMCSA', 'EBAY', 'INTU', 'AAPL', 'TXN', 'CTAS', 'MNST']",49.62,42.43,1
2020-11-19,"['GOOG', 'ADI', 'AEP', 'INTU', 'MTCH', 'AMD', 'LRCX', 'MELI', 'AMAT', 'AAPL', 'MCHP', 'CMCSA', 'BIDU', 'TXN', 'CTAS', 'MNST']",47.27,42.08,1
2020-11-20,"['NTES', 'TCOM', 'AMD', 'ADI', 'INTU', 'AEP', 'MTCH', 'LRCX', 'AMAT', 'MELI', 'CMCSA', 'CTAS', 'BIDU', 'MCHP', 'TXN', 'MNST']",47.11,42.71,1
2020-11-21,"['NTES', 'AEP', 'ADI', 'MTCH', 'LRCX', 'AMAT', 'TCOM', 'EBAY', 'CTAS', 'CMCSA', 'PEP', 'BIDU', 'AAPL', 'MCHP', 'TXN', 'MNST']",35.56,42.63,0
2020-11-22,"['TCOM', 'MELI', 'TSLA', 'ADI', 'KLAC', 'CMCSA', 'MCHP', 'LRCX', 'AMAT', 'GOOG', 'PEP', 'CTAS', 'AAPL', 'BIDU', 'TXN', 'MNST']",77.3,42.85,1
2020-11-23,"['ADI', 'AEP', 'AAPL', 'KLAC', 'INTU', 'TCOM', 'MCHP', 'BKNG', 'AMAT', 'LRCX', 'PEP', 'CTAS', 'NTES', 'BIDU', 'TXN', 'MNST']",30.58,42.78,0
2020-11-26,"['CMCSA', 'ADI', 'AEP', 'TSLA', 'NTES', 'LRCX', 'TCOM', 'PEP', 'AMAT', 'INTU', 'CTAS', 'BIDU', 'MCHP', 'KLAC', 'TXN', 'MNST']",74.87,43.62,1
2020-11-27,"['ADI', 'AEP', 'NTES', 'LRCX', 'PEP', 'TSLA', 'AMAT', 'AAPL', 'INTU', 'TCOM', 'CTAS', 'BIDU', 'MCHP', 'KLAC', 'TXN', 'MNST']",79.7,43.43,1
2020-11-28,"['JD', 'KLAC', 'ADI', 'MCHP', 'PEP', 'AEP', 'LRCX', 'INTU', 'CMCSA', 'AMAT', 'CTAS', 'NTES', 'TCOM', 'BIDU', 'TXN', 'MNST']",41.68,43.66,0
2020-11-30,"['TSLA', 'LRCX', 'PEP', 'MCHP', 'INTU', 'CTAS', 'AEP', 'TCOM', 'AMAT', 'DLTR', 'NTES', 'KLAC', 'BIDU', 'EBAY', 'TXN', 'MNST']",82.02,44.11,1
2020-12-03,"['TSLA', 'PEP', 'TCOM', 'INTU', 'AMD', 'CTAS', 'AEP', 'AMAT', 'KLAC', 'DLTR', 'AAPL', 'NTES', 'BIDU', 'EBAY', 'TXN', 'MNST']",86.82,46.75,1
2020-12-04,"['AMD', 'LRCX', 'MTCH', 'KLAC', 'AAPL', 'TCOM', 'CTAS', 'TSLA', 'INTU', 'BKNG', 'DLTR', 'NTES', 'MCHP', 'BIDU', 'TXN', 'MNST']",99.1,47.67,1
2020-12-05,"['ADI', 'GOOG', 'LRCX', 'TCOM', 'CTAS', 'MCHP', 'AMAT', 'AEP', 'DLTR', 'JD', 'KLAC', 'INTU', 'NTES', 'TXN', 'MNST', 'BIDU']",45.1,47.58,0
2020-12-06,"['MCHP', 'NTES', 'LRCX', 'AMAT', 'TCOM', 'AEP', 'GOOG', 'TSLA', 'PEP', 'KLAC', 'INTU', 'CTAS', 'DLTR', 'MNST', 'TXN', 'BIDU']",83.6,47.38,1
2020-12-07,"['CHTR', 'MCHP', 'PEP', 'CMCSA', 'MTCH', 'KLAC', 'TCOM', 'AMAT', 'AEP', 'GOOG', 'LRCX', 'NTES', 'CTAS', 'BIDU', 'TXN', 'MNST']",41.43,46.31,0
2020-12-10,"['GOOG', 'JD', 'INTC', 'AMAT', 'NTES', 'MTCH', 'TCOM', 'PEP', 'AEP', 'CMCSA', 'LRCX', 'CTAS', 'MNST', 'TXN', 'INTU', 'BIDU']",41.05,45.4,0
2020-12-11,"['ADP', 'JD', 'KLAC', 'MELI', 'GOOG', 'NTES', 'MTCH', 'MNST', 'AEP', 'TCOM', 'LRCX', 'CTAS', 'PEP', 'TXN', 'INTU', 'BIDU']",50.21,45.89,1
2020-12-12,"['AMAT', 'SIRI', 'MCHP', 'ADP', 'JD', 'TCOM', 'MELI', 'GOOG', 'NTES', 'LRCX', 'AEP', 'PEP', 'CTAS', 'TXN', 'BIDU', 'INTU']",43.01,45.14,0
2020-12-13,"['CHTR', 'CTSH', 'JD', 'NTES', 'PEP', 'GOOG', 'MNST', 'MDLZ', 'LRCX', 'AEP', 'BIDU', 'TCOM', 'AMAT', 'CTAS', 'TXN', 'INTU']",35.52,44.39,0
2020-12-14,"['CHTR', 'CMCSA', 'CTSH', 'JD', 'BIDU', 'AMAT', 'CTAS', 'MNST', 'LRCX', 'AEP', 'NTES', 'TCOM', 'PEP', 'EBAY', 'TXN', 'INTU']",36.27,44.06,0
2020-12-17,"['AMD', 'JD', 'CMCSA', 'EBAY', 'SIRI', 'BIDU', 'TCOM', 'AMAT', 'DLTR', 'NTES', 'LRCX', 'AEP', 'CTAS', 'PEP', 'TXN', 'INTU']",41.45,45.4,0
2020-12-18,"['VRSN', 'CMCSA', 'JD', 'TCOM', 'MCHP', 'MNST', 'DLTR', 'AMAT', 'PEP', 'NTES', 'EBAY', 'LRCX', 'AEP', 'CTAS', 'TXN', 'INTU']",36.18,46.0,0
2020-12-19,"['TSLA', 'TCOM', 'GOOG', 'CTSH', 'PEP', 'CMCSA', 'AMAT', 'DLTR', 'NTES', 'MTCH', 'EBAY', 'AEP', 'LRCX', 'CTAS', 'INTU', 'TXN']",77.7,45.62,1
2020-12-20,"['CTSH', 'COST', 'JD', 'VRSN', 'EBAY', 'GOOG', 'TCOM', 'SIRI', 'TSLA', 'AMAT', 'CTAS', 'AEP', 'NTES', 'LRCX', 'INTU', 'TXN']",77.51,44.99,1
2020-12-21,"['GOOG', 'ADP', 'PEP', 'TCOM', 'KLAC', 'JD', 'DLTR', 'AMAT', 'TSLA', 'VRSN', 'CTAS', 'NTES', 'AEP', 'LRCX', 'INTU', 'TXN']",76.08,44.59,1
2020-12-24,"['CHTR', 'MNST', 'AMGN', 'JD', 'COST', 'KLAC', 'ADP', 'AMAT', 'PEP', 'NTES', 'CMCSA', 'AEP', 'TSLA', 'LRCX', 'INTU', 'TXN']",71.16,43.94,1
2020-12-25,"['INTC', 'CHTR', 'EBAY', 'GOOG', 'ADP', 'AMAT', 'COST', 'PEP', 'TSLA', 'NTES', 'CMCSA', 'AEP', 'TCOM', 'LRCX', 'INTU', 'TXN']",62.48,44.33,1
2020-12-27,"['INTC', 'EBAY', 'COST', 'ADP', 'PEP', 'GOOG', 'AMAT', 'DLTR', 'CMCSA', 'LRCX', 'AEP', 'TSLA', 'TCOM', 'NTES', 'TXN', 'INTU']",63.67,43.45,1
2020-12-28,"['JD', 'INTC', 'PEP', 'CMCSA', 'AMAT', 'EBAY', 'CTSH', 'GOOG', 'CTAS', 'TCOM', 'NTES', 'LRCX', 'AEP', 'TSLA', 'TXN', 'INTU']",72.73,43.53,1
2020-12-31,"['ADI', 'JD', 'NTES', 'CTSH', 'AMGN', 'GOOG', 'TSLA', 'CMCSA', 'AMAT', 'TCOM', 'CTAS', 'LRCX', 'AEP', 'EBAY', 'TXN', 'INTU']",74.68,45.29,1
